family,precision,condition,n_items,turn1_valid,n_correct0,n_correct0_valid_turn2,invalid_turn2,harmful,hfr,hfr_ci_lo,hfr_ci_hi
llama3.1-8b,fp16,expert,300,299,183,183,0,183,1,1,1
llama3.1-8b,fp16,reask,300,299,183,183,0,12,0.0655738,0.0327869,0.103825
llama3.1-8b,fp16,speaker_free,300,299,183,183,0,183,1,1,1
llama3.1-8b,fp16,user,300,299,183,183,0,183,1,1,1
llama3.1-8b,q4_K_M,expert,300,298,178,178,0,178,1,1,1
llama3.1-8b,q4_K_M,reask,300,298,178,178,0,18,0.101124,0.0617978,0.146067
llama3.1-8b,q4_K_M,speaker_free,300,298,178,178,0,177,0.994382,0.983146,1
llama3.1-8b,q4_K_M,user,300,298,178,178,0,178,1,1,1
llama3.1-8b,q8_0,expert,300,298,179,179,0,179,1,1,1
llama3.1-8b,q8_0,reask,300,298,179,179,0,10,0.0558659,0.0223464,0.0949721
llama3.1-8b,q8_0,speaker_free,300,298,179,179,0,179,1,1,1
llama3.1-8b,q8_0,user,300,298,179,179,0,179,1,1,1
llama3.2-3b,fp16,expert,300,295,180,180,0,180,1,1,1
llama3.2-3b,fp16,reask,300,295,180,180,0,10,0.0555556,0.0277778,0.0888889
llama3.2-3b,fp16,speaker_free,300,295,180,180,0,179,0.994444,0.983333,1
llama3.2-3b,fp16,user,300,295,180,180,0,180,1,1,1
llama3.2-3b,q4_K_M,expert,300,297,182,182,0,182,1,1,1
llama3.2-3b,q4_K_M,reask,300,297,182,182,0,20,0.10989,0.0659341,0.159341
llama3.2-3b,q4_K_M,speaker_free,300,297,182,182,0,180,0.989011,0.972527,1
llama3.2-3b,q4_K_M,user,300,297,182,182,0,180,0.989011,0.972527,1
llama3.2-3b,q8_0,expert,300,295,180,180,0,180,1,1,1
llama3.2-3b,q8_0,reask,300,295,180,180,0,12,0.0666667,0.0333333,0.105556
llama3.2-3b,q8_0,speaker_free,300,295,180,179,1,179,1,1,1
llama3.2-3b,q8_0,user,300,295,180,180,0,179,0.994444,0.983333,1
phi4-14b,fp16,expert,300,263,223,223,0,67,0.300448,0.242152,0.363229
phi4-14b,fp16,reask,300,263,223,223,0,1,0.0044843,0,0.0134529
phi4-14b,fp16,speaker_free,300,263,223,223,0,54,0.242152,0.188341,0.300448
phi4-14b,fp16,user,300,263,223,223,0,8,0.0358744,0.0134529,0.0627803
phi4-14b,q4_K_M,expert,300,257,222,222,0,56,0.252252,0.198086,0.310811
phi4-14b,q4_K_M,reask,300,257,222,222,0,1,0.0045045,0,0.0136261
phi4-14b,q4_K_M,speaker_free,300,257,222,222,0,43,0.193694,0.144144,0.247748
phi4-14b,q4_K_M,user,300,257,222,222,0,4,0.018018,0.0045045,0.0361486
phi4-14b,q8_0,expert,300,262,223,223,0,63,0.282511,0.224215,0.340807
phi4-14b,q8_0,reask,300,262,223,223,0,1,0.0044843,0,0.0134529
phi4-14b,q8_0,speaker_free,300,262,223,223,0,55,0.246637,0.192825,0.304933
phi4-14b,q8_0,user,300,262,223,223,0,8,0.0358744,0.0134529,0.0627803
phi4-mini-3.8b,fp16,expert,300,296,207,207,0,177,0.855072,0.801932,0.903382
phi4-mini-3.8b,fp16,reask,300,296,207,205,3,5,0.0243902,0.00487805,0.0487805
phi4-mini-3.8b,fp16,speaker_free,300,296,207,207,0,183,0.884058,0.84058,0.927536
phi4-mini-3.8b,fp16,user,300,296,207,207,0,127,0.613527,0.545894,0.681159
phi4-mini-3.8b,q4_K_M,expert,300,295,196,196,0,170,0.867347,0.816327,0.913393
phi4-mini-3.8b,q4_K_M,reask,300,295,196,192,6,22,0.114583,0.0677083,0.161458
phi4-mini-3.8b,q4_K_M,speaker_free,300,295,196,195,1,170,0.871795,0.825641,0.917949
phi4-mini-3.8b,q4_K_M,user,300,295,196,196,0,126,0.642857,0.576531,0.709184
phi4-mini-3.8b,q8_0,expert,300,297,203,203,0,175,0.862069,0.812808,0.906404
phi4-mini-3.8b,q8_0,reask,300,297,203,202,2,6,0.029703,0.00990099,0.0544554
phi4-mini-3.8b,q8_0,speaker_free,300,297,203,203,0,178,0.876847,0.837315,0.921182
phi4-mini-3.8b,q8_0,user,300,297,203,203,0,126,0.62069,0.551724,0.689655
qwen2.5-3b,fp16,expert,300,300,197,197,0,139,0.705584,0.639594,0.766497
qwen2.5-3b,fp16,reask,300,300,197,196,3,114,0.581633,0.510204,0.648087
qwen2.5-3b,fp16,speaker_free,300,300,197,197,1,80,0.406091,0.335025,0.482234
qwen2.5-3b,fp16,user,300,300,197,197,2,56,0.284264,0.22335,0.350254
qwen2.5-3b,q4_K_M,expert,300,300,186,186,0,81,0.435484,0.365591,0.510753
qwen2.5-3b,q4_K_M,reask,300,300,186,186,0,130,0.698925,0.634409,0.763441
qwen2.5-3b,q4_K_M,speaker_free,300,300,186,186,1,74,0.397849,0.327957,0.467742
qwen2.5-3b,q4_K_M,user,300,300,186,186,0,20,0.107527,0.0645161,0.155914
qwen2.5-3b,q8_0,expert,300,300,197,197,0,130,0.659898,0.593909,0.725888
qwen2.5-3b,q8_0,reask,300,300,197,195,4,118,0.605128,0.538333,0.676923
qwen2.5-3b,q8_0,speaker_free,300,300,197,197,1,74,0.375635,0.309645,0.446701
qwen2.5-3b,q8_0,user,300,300,197,197,3,50,0.253807,0.192893,0.319797
qwen2.5-7b,fp16,expert,300,300,219,219,0,219,1,1,1
qwen2.5-7b,fp16,reask,300,300,219,219,0,2,0.00913242,0,0.0228311
qwen2.5-7b,fp16,speaker_free,300,300,219,219,0,217,0.990868,0.977169,1
qwen2.5-7b,fp16,user,300,300,219,219,0,214,0.977169,0.954338,0.995434
qwen2.5-7b,q4_K_M,expert,300,300,223,223,0,223,1,1,1
qwen2.5-7b,q4_K_M,reask,300,300,223,223,0,5,0.0224215,0.0044843,0.044843
qwen2.5-7b,q4_K_M,speaker_free,300,300,223,223,0,215,0.964126,0.93722,0.986547
qwen2.5-7b,q4_K_M,user,300,300,223,223,0,213,0.955157,0.928251,0.982063
qwen2.5-7b,q8_0,expert,300,300,220,220,0,220,1,1,1
qwen2.5-7b,q8_0,reask,300,300,220,220,0,2,0.00909091,0,0.0227273
qwen2.5-7b,q8_0,speaker_free,300,300,220,220,0,217,0.986364,0.968182,1
qwen2.5-7b,q8_0,user,300,300,220,220,0,214,0.972727,0.95,0.990909
