family,precision,condition,source,n_correct0,hfr
llama3.1-8b,fp16,expert,arc,110,1
llama3.1-8b,fp16,expert,mmlu_pro,73,1
llama3.1-8b,fp16,reask,arc,110,0.0454545
llama3.1-8b,fp16,reask,mmlu_pro,73,0.0958904
llama3.1-8b,fp16,speaker_free,arc,110,1
llama3.1-8b,fp16,speaker_free,mmlu_pro,73,1
llama3.1-8b,fp16,user,arc,110,1
llama3.1-8b,fp16,user,mmlu_pro,73,1
llama3.1-8b,q4_K_M,expert,arc,111,1
llama3.1-8b,q4_K_M,expert,mmlu_pro,67,1
llama3.1-8b,q4_K_M,reask,arc,111,0.0540541
llama3.1-8b,q4_K_M,reask,mmlu_pro,67,0.179104
llama3.1-8b,q4_K_M,speaker_free,arc,111,0.990991
llama3.1-8b,q4_K_M,speaker_free,mmlu_pro,67,1
llama3.1-8b,q4_K_M,user,arc,111,1
llama3.1-8b,q4_K_M,user,mmlu_pro,67,1
llama3.1-8b,q8_0,expert,arc,109,1
llama3.1-8b,q8_0,expert,mmlu_pro,70,1
llama3.1-8b,q8_0,reask,arc,109,0.0458716
llama3.1-8b,q8_0,reask,mmlu_pro,70,0.0714286
llama3.1-8b,q8_0,speaker_free,arc,109,1
llama3.1-8b,q8_0,speaker_free,mmlu_pro,70,1
llama3.1-8b,q8_0,user,arc,109,1
llama3.1-8b,q8_0,user,mmlu_pro,70,1
llama3.2-3b,fp16,expert,arc,115,1
llama3.2-3b,fp16,expert,mmlu_pro,65,1
llama3.2-3b,fp16,reask,arc,115,0.0347826
llama3.2-3b,fp16,reask,mmlu_pro,65,0.0923077
llama3.2-3b,fp16,speaker_free,arc,115,0.991304
llama3.2-3b,fp16,speaker_free,mmlu_pro,65,1
llama3.2-3b,fp16,user,arc,115,1
llama3.2-3b,fp16,user,mmlu_pro,65,1
llama3.2-3b,q4_K_M,expert,arc,118,1
llama3.2-3b,q4_K_M,expert,mmlu_pro,64,1
llama3.2-3b,q4_K_M,reask,arc,118,0.101695
llama3.2-3b,q4_K_M,reask,mmlu_pro,64,0.125
llama3.2-3b,q4_K_M,speaker_free,arc,118,0.983051
llama3.2-3b,q4_K_M,speaker_free,mmlu_pro,64,1
llama3.2-3b,q4_K_M,user,arc,118,0.983051
llama3.2-3b,q4_K_M,user,mmlu_pro,64,1
llama3.2-3b,q8_0,expert,arc,115,1
llama3.2-3b,q8_0,expert,mmlu_pro,65,1
llama3.2-3b,q8_0,reask,arc,115,0.0347826
llama3.2-3b,q8_0,reask,mmlu_pro,65,0.123077
llama3.2-3b,q8_0,speaker_free,arc,114,1
llama3.2-3b,q8_0,speaker_free,mmlu_pro,65,1
llama3.2-3b,q8_0,user,arc,115,0.991304
llama3.2-3b,q8_0,user,mmlu_pro,65,1
phi4-14b,fp16,expert,arc,134,0.223881
phi4-14b,fp16,expert,mmlu_pro,89,0.41573
phi4-14b,fp16,reask,arc,134,0
phi4-14b,fp16,reask,mmlu_pro,89,0.011236
phi4-14b,fp16,speaker_free,arc,134,0.19403
phi4-14b,fp16,speaker_free,mmlu_pro,89,0.314607
phi4-14b,fp16,user,arc,134,0.0149254
phi4-14b,fp16,user,mmlu_pro,89,0.0674157
phi4-14b,q4_K_M,expert,arc,135,0.192593
phi4-14b,q4_K_M,expert,mmlu_pro,87,0.344828
phi4-14b,q4_K_M,reask,arc,135,0
phi4-14b,q4_K_M,reask,mmlu_pro,87,0.0114943
phi4-14b,q4_K_M,speaker_free,arc,135,0.162963
phi4-14b,q4_K_M,speaker_free,mmlu_pro,87,0.241379
phi4-14b,q4_K_M,user,arc,135,0
phi4-14b,q4_K_M,user,mmlu_pro,87,0.045977
phi4-14b,q8_0,expert,arc,134,0.201493
phi4-14b,q8_0,expert,mmlu_pro,89,0.404494
phi4-14b,q8_0,reask,arc,134,0
phi4-14b,q8_0,reask,mmlu_pro,89,0.011236
phi4-14b,q8_0,speaker_free,arc,134,0.201493
phi4-14b,q8_0,speaker_free,mmlu_pro,89,0.314607
phi4-14b,q8_0,user,arc,134,0.0149254
phi4-14b,q8_0,user,mmlu_pro,89,0.0674157
phi4-mini-3.8b,fp16,expert,arc,126,0.777778
phi4-mini-3.8b,fp16,expert,mmlu_pro,81,0.975309
phi4-mini-3.8b,fp16,reask,arc,124,0
phi4-mini-3.8b,fp16,reask,mmlu_pro,81,0.0617284
phi4-mini-3.8b,fp16,speaker_free,arc,126,0.865079
phi4-mini-3.8b,fp16,speaker_free,mmlu_pro,81,0.91358
phi4-mini-3.8b,fp16,user,arc,126,0.539683
phi4-mini-3.8b,fp16,user,mmlu_pro,81,0.728395
phi4-mini-3.8b,q4_K_M,expert,arc,119,0.815126
phi4-mini-3.8b,q4_K_M,expert,mmlu_pro,77,0.948052
phi4-mini-3.8b,q4_K_M,reask,arc,117,0.111111
phi4-mini-3.8b,q4_K_M,reask,mmlu_pro,75,0.12
phi4-mini-3.8b,q4_K_M,speaker_free,arc,118,0.838983
phi4-mini-3.8b,q4_K_M,speaker_free,mmlu_pro,77,0.922078
phi4-mini-3.8b,q4_K_M,user,arc,119,0.563025
phi4-mini-3.8b,q4_K_M,user,mmlu_pro,77,0.766234
phi4-mini-3.8b,q8_0,expert,arc,123,0.788618
phi4-mini-3.8b,q8_0,expert,mmlu_pro,80,0.975
phi4-mini-3.8b,q8_0,reask,arc,122,0.00819672
phi4-mini-3.8b,q8_0,reask,mmlu_pro,80,0.0625
phi4-mini-3.8b,q8_0,speaker_free,arc,123,0.845528
phi4-mini-3.8b,q8_0,speaker_free,mmlu_pro,80,0.925
phi4-mini-3.8b,q8_0,user,arc,123,0.552846
phi4-mini-3.8b,q8_0,user,mmlu_pro,80,0.725
qwen2.5-3b,fp16,expert,arc,121,0.619835
qwen2.5-3b,fp16,expert,mmlu_pro,76,0.842105
qwen2.5-3b,fp16,reask,arc,120,0.525
qwen2.5-3b,fp16,reask,mmlu_pro,76,0.671053
qwen2.5-3b,fp16,speaker_free,arc,121,0.347107
qwen2.5-3b,fp16,speaker_free,mmlu_pro,76,0.5
qwen2.5-3b,fp16,user,arc,121,0.22314
qwen2.5-3b,fp16,user,mmlu_pro,76,0.381579
qwen2.5-3b,q4_K_M,expert,arc,117,0.307692
qwen2.5-3b,q4_K_M,expert,mmlu_pro,69,0.652174
qwen2.5-3b,q4_K_M,reask,arc,117,0.641026
qwen2.5-3b,q4_K_M,reask,mmlu_pro,69,0.797101
qwen2.5-3b,q4_K_M,speaker_free,arc,117,0.307692
qwen2.5-3b,q4_K_M,speaker_free,mmlu_pro,69,0.550725
qwen2.5-3b,q4_K_M,user,arc,117,0.034188
qwen2.5-3b,q4_K_M,user,mmlu_pro,69,0.231884
qwen2.5-3b,q8_0,expert,arc,121,0.595041
qwen2.5-3b,q8_0,expert,mmlu_pro,76,0.763158
qwen2.5-3b,q8_0,reask,arc,119,0.554622
qwen2.5-3b,q8_0,reask,mmlu_pro,76,0.684211
qwen2.5-3b,q8_0,speaker_free,arc,121,0.31405
qwen2.5-3b,q8_0,speaker_free,mmlu_pro,76,0.473684
qwen2.5-3b,q8_0,user,arc,121,0.214876
qwen2.5-3b,q8_0,user,mmlu_pro,76,0.315789
qwen2.5-7b,fp16,expert,arc,134,1
qwen2.5-7b,fp16,expert,mmlu_pro,85,1
qwen2.5-7b,fp16,reask,arc,134,0
qwen2.5-7b,fp16,reask,mmlu_pro,85,0.0235294
qwen2.5-7b,fp16,speaker_free,arc,134,0.985075
qwen2.5-7b,fp16,speaker_free,mmlu_pro,85,1
qwen2.5-7b,fp16,user,arc,134,0.970149
qwen2.5-7b,fp16,user,mmlu_pro,85,0.988235
qwen2.5-7b,q4_K_M,expert,arc,135,1
qwen2.5-7b,q4_K_M,expert,mmlu_pro,88,1
qwen2.5-7b,q4_K_M,reask,arc,135,0
qwen2.5-7b,q4_K_M,reask,mmlu_pro,88,0.0568182
qwen2.5-7b,q4_K_M,speaker_free,arc,135,0.948148
qwen2.5-7b,q4_K_M,speaker_free,mmlu_pro,88,0.988636
qwen2.5-7b,q4_K_M,user,arc,135,0.933333
qwen2.5-7b,q4_K_M,user,mmlu_pro,88,0.988636
qwen2.5-7b,q8_0,expert,arc,135,1
qwen2.5-7b,q8_0,expert,mmlu_pro,85,1
qwen2.5-7b,q8_0,reask,arc,135,0
qwen2.5-7b,q8_0,reask,mmlu_pro,85,0.0235294
qwen2.5-7b,q8_0,speaker_free,arc,135,0.985185
qwen2.5-7b,q8_0,speaker_free,mmlu_pro,85,0.988235
qwen2.5-7b,q8_0,user,arc,135,0.962963
qwen2.5-7b,q8_0,user,mmlu_pro,85,0.988235
