model,term,coef,se,p,n_obs,n_items,converged
h2b_interaction,Intercept,-2.48086,0.194635,3.27407e-37,14380,284,True
h2b_interaction,"C(precision, Treatment('fp16'))[T.q4_K_M]",0.524732,0.191858,0.00623804,14380,284,True
h2b_interaction,"C(precision, Treatment('fp16'))[T.q8_0]",0.0662916,0.0899407,0.461086,14380,284,True
h2b_interaction,"C(condition, Treatment('reask'))[T.expert]",4.31728,0.200083,2.93061e-103,14380,284,True
h2b_interaction,"C(condition, Treatment('reask'))[T.speaker_free]",3.92251,0.195278,9.62827e-90,14380,284,True
h2b_interaction,"C(condition, Treatment('reask'))[T.user]",3.30716,0.193554,1.86963e-65,14380,284,True
h2b_interaction,C(family)[T.llama3.2-3b],0.0103939,0.0504215,0.836681,14380,284,True
h2b_interaction,C(family)[T.phi4-14b],-4.10002,0.311486,1.43693e-39,14380,284,True
h2b_interaction,C(family)[T.phi4-mini-3.8b],-1.04508,0.0990218,4.86625e-26,14380,284,True
h2b_interaction,C(family)[T.qwen2.5-3b],-1.90238,0.137295,1.16884e-43,14380,284,True
h2b_interaction,C(family)[T.qwen2.5-7b],-0.260114,0.0535149,1.17037e-06,14380,284,True
h2b_interaction,"C(precision, Treatment('fp16'))[T.q4_K_M]:C(condition, Treatment('reask'))[T.expert]",-0.864597,0.200559,1.62566e-05,14380,284,True
h2b_interaction,"C(precision, Treatment('fp16'))[T.q8_0]:C(condition, Treatment('reask'))[T.expert]",-0.134735,0.0927859,0.146473,14380,284,True
h2b_interaction,"C(precision, Treatment('fp16'))[T.q4_K_M]:C(condition, Treatment('reask'))[T.speaker_free]",-0.633854,0.197235,0.00131039,14380,284,True
h2b_interaction,"C(precision, Treatment('fp16'))[T.q8_0]:C(condition, Treatment('reask'))[T.speaker_free]",-0.102067,0.0913079,0.263636,14380,284,True
h2b_interaction,"C(precision, Treatment('fp16'))[T.q4_K_M]:C(condition, Treatment('reask'))[T.user]",-0.679666,0.195668,0.000513592,14380,284,True
h2b_interaction,"C(precision, Treatment('fp16'))[T.q8_0]:C(condition, Treatment('reask'))[T.user]",-0.0948577,0.0922653,0.303904,14380,284,True
